Trosor;Pants;trosor.jpeg;
Keps;Cap;keps.jpeg;
Stövlar;Boots;stovlar.jpeg;
Klänning;Dress;klanning.jpeg;
Kläder;Clothing;kladder.jpeg;
Blus;Blouse;blus.jpeg;
Sjal;Shawl;sjal.jpeg;
Mössa;Knit cap;mossa.jpeg;
kappa;Coat;kappa.jpeg;
kjol;Skirt;kjol.jpeg;
Vantar;Mitten;vantar.jpeg;
Behå;Bra;bh.jpeg;
Skor;Shoe;skor.jpeg;
Skjorta;Shirt;skjorta.jpeg;
Byxor;Pants;byxor.jpeg;
Halsduk;Scarf;Halsduk.jpeg;
Kalsong;Underpants;kalsong.jpeg;
T Skjorta;T shirt;t-kjorta.jpeg;
Strumpor;Socks;strumpor.jpeg;
Jacka;Jacket;jacka.jpeg;
Tröja;Sweater;troja.jpeg;
Kort;Card;kort.jpeg;
Kontant;Cash;cash.jpeg;
Trägård;Garden;tregard.jpeg;
Tak;Ceiling;tak.jpeg;
tvättstuga;Washhouse;tvettstuga.jpeg;
Trappa;Stairs;trappa.jpeg;
Balkong;Balcony;balkong.jpeg;
Kjällare;Celler;kjellare.jpeg;
Vind;Attic;vind.jpeg;
Fläkt;Fan;flekt.jpeg;
spis;Stove;spis.jpeg;
kran;Tap;kran.jpeg;
Skåp;Cabinet;skap.jpeg;
Ugn;Owen;ugn.jpeg;
Kylskåp;Refrigerator;kylskap.jpeg;
Kontokort;Debit card;kontokort.jpeg;
Ingen fara;No worries;Ingenfara.jpeg;
Den där;This one;dendar.jpeg;
Hur många;How many;hurmanga.png;
Höra;Hear;https://d1pra95f92lrn3.cloudfront.net/media/thumb/9595_96square.jpg;
Avsluta;Finish;https://d1pra95f92lrn3.cloudfront.net/media/thumb/10335_96square.jpg;
Börja;Start;https://d1pra95f92lrn3.cloudfront.net/media/thumb/9695_96square.jpg;
Tråkig;Boring;https://d1pra95f92lrn3.cloudfront.net/media/thumb/8738_96square.jpg;
Upptagen;Busy;https://d1pra95f92lrn3.cloudfront.net/media/thumb/8659_96square.jpeg;
Motbjudande;Disgusting;https://d1pra95f92lrn3.cloudfront.net/media/thumb/17285_96square.jpeg;
Utsökt;Delicious;https://d1pra95f92lrn3.cloudfront.net/media/thumb/9952_96square.jpeg;
Plånbok;Wallet;https://d1pra95f92lrn3.cloudfront.net/media/thumb/20758_96square.jpeg;
Nacke;Neck;https://d1pra95f92lrn3.cloudfront.net/media/thumb/22133_96square.jpeg;
Ansikte;Face;https://d1pra95f92lrn3.cloudfront.net/media/thumb/21034_96square.jpeg;
Öra;Ear;https://d1pra95f92lrn3.cloudfront.net/media/thumb/9306_96square.jpeg;
Hår;Hair;https://d1pra95f92lrn3.cloudfront.net/media/thumb/9194_96square.jpeg;
Mun;Mouth;https://d1pra95f92lrn3.cloudfront.net/media/thumb/9279_96square.jpeg;
Kind;Cheek;https://d1pra95f92lrn3.cloudfront.net/media/thumb/8578_96square.jpeg;
Näsa;Nose;https://d1pra95f92lrn3.cloudfront.net/media/thumb/8733_96square.jpeg;
Öga;Eye;https://d1pra95f92lrn3.cloudfront.net/media/thumb/8770_96square.jpeg;
Tänder;Teeth;https://d1pra95f92lrn3.cloudfront.net/media/thumb/9176_96square.jpeg;
Läpp;Lip;https://d1pra95f92lrn3.cloudfront.net/media/thumb/17316_96square.jpeg;
Berg;Mountain;https://d1pra95f92lrn3.cloudfront.net/media/thumb/8250_96square.jpeg;
Flod;River;https://d1pra95f92lrn3.cloudfront.net/media/thumb/10276_96square.jpeg;
Hav;Ocean;https://d1pra95f92lrn3.cloudfront.net/media/thumb/20676_96square.jpeg;
Sjö;Lake;https://d1pra95f92lrn3.cloudfront.net/media/thumb/8990_96square.jpeg;
Fält;Field;https://d1pra95f92lrn3.cloudfront.net/media/thumb/9575_96square.jpeg;
Öken;Desert;https://d1pra95f92lrn3.cloudfront.net/media/thumb/8259_96square.jpeg;
Dokument;Document;https://d1pra95f92lrn3.cloudfront.net/media/thumb/9439_96square.jpeg;
Medarbetare;Coworker;https://d1pra95f92lrn3.cloudfront.net/media/thumb/9003_96square.jpeg;
Skrivare;Printer;https://d1pra95f92lrn3.cloudfront.net/media/thumb/8119_96square.jpeg;
Kopiator;Copy Machine;https://d1pra95f92lrn3.cloudfront.net/media/thumb/8941_96square.jpeg;
Skrivbord;Desk;https://d1pra95f92lrn3.cloudfront.net/media/thumb/9870_96square.jpeg;
Anteckningsblock;Notebook;https://d1pra95f92lrn3.cloudfront.net/media/thumb/17414_96square.jpeg;
Blyertspenna;Pencil;https://d1pra95f92lrn3.cloudfront.net/media/thumb/8061_96square.jpeg;
Sudd;Eraser;https://d1pra95f92lrn3.cloudfront.net/media/thumb/17403_96square.jpeg;
Sax;Scissors;https://d1pra95f92lrn3.cloudfront.net/media/thumb/8972_96square.jpeg;
Bibliotek;Library;https://d1pra95f92lrn3.cloudfront.net/media/thumb/17410_96square.jpeg;
Vacker;Beautiful;https://d1pra95f92lrn3.cloudfront.net/media/thumb/9658_96square.jpeg;
Ful;Ugly;https://d1pra95f92lrn3.cloudfront.net/media/thumb/8197_96square.jpeg;
Utsökt;Delicious;https://d1pra95f92lrn3.cloudfront.net/media/thumb/10146_96square.jpeg;
Lamm;Lamb;https://d1pra95f92lrn3.cloudfront.net/media/thumb/15190_96square.jpeg;
Fot;Foot;https://d1pra95f92lrn3.cloudfront.net/media/thumb/8374_96square.jpeg;
Ben;Leg;https://d1pra95f92lrn3.cloudfront.net/media/thumb/8542_96square.jpeg;
Huvud;Head;https://d1pra95f92lrn3.cloudfront.net/media/thumb/21800_96square.jpeg;
Arm;Arm;https://d1pra95f92lrn3.cloudfront.net/media/thumb/9562_96square.jpeg;
Hand;Hand;https://d1pra95f92lrn3.cloudfront.net/media/thumb/8317_96square.jpeg;
Finger;Finger;https://d1pra95f92lrn3.cloudfront.net/media/thumb/9323_96square.jpeg;
Mage;Stomach;https://d1pra95f92lrn3.cloudfront.net/media/thumb/8438_96square.jpeg;
Rygg;Back;https://d1pra95f92lrn3.cloudfront.net/media/thumb/21801_96square.jpeg;
Bröst;Chest;https://d1pra95f92lrn3.cloudfront.net/media/thumb/21799_96square.jpeg;
Sjuksköterska;Nurse;https://d1pra95f92lrn3.cloudfront.net/media/thumb/21768_96square.jpeg;
Anställd;Employee;https://d1pra95f92lrn3.cloudfront.net/media/thumb/15526_96square.jpeg;
Poliskonstapel;Police officer;https://d1pra95f92lrn3.cloudfront.net/media/thumb/22290_96square.jpg;
Ingenjör;Engineer;https://d1pra95f92lrn3.cloudfront.net/media/thumb/19050_96square.jpeg;
Kock;Cook;https://d1pra95f92lrn3.cloudfront.net/media/thumb/21802_96square.jpeg;
Doktor;Doctor;https://d1pra95f92lrn3.cloudfront.net/media/thumb/21803_96square.jpeg;
Föreståndare;Manager;https://d1pra95f92lrn3.cloudfront.net/media/thumb/17412_96square.jpeg;
Programmerare;Programmer;https://d1pra95f92lrn3.cloudfront.net/media/thumb/21805_96square.jpeg;
Försäljare;Salesman;https://d1pra95f92lrn3.cloudfront.net/media/thumb/9477_96square.jpeg;
Glasögon;Glasses;https://d1pra95f92lrn3.cloudfront.net/media/thumb/8928_96square.jpeg;
Jacka;Jacket;https://d1pra95f92lrn3.cloudfront.net/media/thumb/8217_96square.jpeg;
Ta emot;Receive;https://d1pra95f92lrn3.cloudfront.net/media/thumb/21811_96square.jpeg;
Leta efter;Search;https://d1pra95f92lrn3.cloudfront.net/media/thumb/8285_96square.jpeg;
Ledsen;Sad;https://d1pra95f92lrn3.cloudfront.net/media/thumb/8262_96square.jpeg;
Arg;Angry;https://d1pra95f92lrn3.cloudfront.net/media/thumb/9719_96square.jpeg;
Svag;Weak;https://d1pra95f92lrn3.cloudfront.net/media/thumb/21814_96square.jpeg;
Stark;Strong;https://d1pra95f92lrn3.cloudfront.net/media/thumb/8014_96square.jpeg;
Kallt;Cold;https://d1pra95f92lrn3.cloudfront.net/media/thumb/23630_96square.jpeg;
Het;Het;https://d1pra95f92lrn3.cloudfront.net/media/thumb/9099_96square.jpeg;
Ren;Ren;https://d1pra95f92lrn3.cloudfront.net/media/thumb/8570_96square.jpeg;
Smutsig;Dirty;https://d1pra95f92lrn3.cloudfront.net/media/thumb/8310_96square.jpeg;
Låg;Low;https://d1pra95f92lrn3.cloudfront.net/media/thumb/17496_96square.jpeg;
Håg;High;https://d1pra95f92lrn3.cloudfront.net/media/thumb/17230_96square.jpeg;
Frukt;Fruit;https://d1pra95f92lrn3.cloudfront.net/media/thumb/21817_96square.jpeg;
Vindruva;Grape;https://d1pra95f92lrn3.cloudfront.net/media/thumb/965_96square.jpeg;
Körsbär;Cherry;https://d1pra95f92lrn3.cloudfront.net/media/thumb/17289_96square.jpeg;
Potatis;Potato;https://d1pra95f92lrn3.cloudfront.net/media/thumb/15733_96square.jpeg;
Grönsak;Vegetable;https://d1pra95f92lrn3.cloudfront.net/media/thumb/9416_96square.jpeg;
Morot;Carrot;https://d1pra95f92lrn3.cloudfront.net/media/thumb/17306_96square.jpeg;
Haj;Shark;https://d1pra95f92lrn3.cloudfront.net/media/thumb/20599_96square.jpeg;
Moln;Cloud;https://d1pra95f92lrn3.cloudfront.net/media/thumb/8230_96square.jpeg;
Svalt;Cool;https://d1pra95f92lrn3.cloudfront.net/media/thumb/10212_96square.jpeg;
Kall;cold;https://d1pra95f92lrn3.cloudfront.net/media/thumb/23630_96square.jpeg;
Vuxen;Adult;https://d1pra95f92lrn3.cloudfront.net/media/thumb/21818_96square.jpeg;
Bäbis;Baby;https://d1pra95f92lrn3.cloudfront.net/media/thumb/21819_96square.jpeg;
Moped;Scooter;https://d1pra95f92lrn3.cloudfront.net/media/thumb/9108_96square.jpeg;
Leende;Smile;smile.jpeg;
Helikopter;Helicopter;https://d1pra95f92lrn3.cloudfront.net/media/thumb/9396_96square.jpeg;
Affär;Business;https://d1pra95f92lrn3.cloudfront.net/media/thumb/8015_96square.jpeg;
Förhandling;Negotiation;https://d1pra95f92lrn3.cloudfront.net/media/thumb/10358_96square.jpeg;
Överordnad;Superior;https://d1pra95f92lrn3.cloudfront.net/media/thumb/22157_96square.jpeg;
Skärp;Belt;https://d1pra95f92lrn3.cloudfront.net/media/thumb/8665_96square.jpeg;
Kostym;Suit;https://d1pra95f92lrn3.cloudfront.net/media/thumb/14990_96square.jpeg;
Gymnastiksko;Sneakers;https://d1pra95f92lrn3.cloudfront.net/media/thumb/9612_96square.jpeg;
Pajamas;Pajamas;https://d1pra95f92lrn3.cloudfront.net/media/thumb/21180_96square.jpeg;
Lämna;Leave;https://d1pra95f92lrn3.cloudfront.net/media/thumb/22061_96square.jpeg;
Litteratur;Literature;https://d1pra95f92lrn3.cloudfront.net/media/thumb/9371_96square.jpeg;
Målning;Painting;https://d1pra95f92lrn3.cloudfront.net/media/thumb/8412_96square.jpeg;
Klassrum;Classroom;https://d1pra95f92lrn3.cloudfront.net/media/thumb/23920_96square.jpeg;
Undervisa;Teach;https://d1pra95f92lrn3.cloudfront.net/media/thumb/9056_96square.jpeg;
Öppna;Open;https://d1pra95f92lrn3.cloudfront.net/media/thumb/17416_96square.jpeg;
Lyssna;Listen;https://d1pra95f92lrn3.cloudfront.net/media/thumb/9595_96square.jpeg;
Födelsedag;Birthday;https://d1pra95f92lrn3.cloudfront.net/media/thumb/15437_96square.jpeg;
Begravning;Funeral;https://d1pra95f92lrn3.cloudfront.net/media/thumb/8596_96square.jpeg;
Bröllop;Wedding;https://d1pra95f92lrn3.cloudfront.net/media/thumb/8340_96square.jpeg;
Sätta på;Turn on;https://d1pra95f92lrn3.cloudfront.net/media/thumb/22060_96square.jpeg;
Stänga av;Turn off;https://d1pra95f92lrn3.cloudfront.net/media/thumb/8138_96square.jpeg;
Förklara;Explain;https://d1pra95f92lrn3.cloudfront.net/media/thumb/17273_96square.jpeg;
Närvara;Attend;https://d1pra95f92lrn3.cloudfront.net/media/thumb/22059_96square.jpeg;
Slappna av;Relax;https://d1pra95f92lrn3.cloudfront.net/media/thumb/26071_96square.jpeg;
Utanför;Outside;https://d1pra95f92lrn3.cloudfront.net/media/thumb/20236_96square.jpeg;
Inne;Inside;https://d1pra95f92lrn3.cloudfront.net/media/thumb/7408_96square.jpeg;
sjätta;Sixth;https://d1pra95f92lrn3.cloudfront.net/media/thumb/8666_96square.jpeg;
Rakhyvel;Shaving razor;https://d1pra95f92lrn3.cloudfront.net/media/thumb/17318_96square.jpeg;
Trasa;washcloth;https://d1pra95f92lrn3.cloudfront.net/media/thumb/20641_96square.jpeg;
Handduk;Towel;https://d1pra95f92lrn3.cloudfront.net/media/thumb/10179_96square.jpeg;
Tvål;Soap;https://d1pra95f92lrn3.cloudfront.net/media/thumb/8369_96square.jpeg;
Tallrik;Plate;https://d1pra95f92lrn3.cloudfront.net/media/thumb/9332_96square.jpeg;
Stekpanna;Frying pan;https://d1pra95f92lrn3.cloudfront.net/media/thumb/9354_96square.jpeg;
Skärbräda;Cutting board;https://d1pra95f92lrn3.cloudfront.net/media/thumb/8926_96square.jpeg;
Diskho, vask, handfat;Sink;https://d1pra95f92lrn3.cloudfront.net/media/thumb/10072_96square.jpeg;
Skål;Bowl;https://d1pra95f92lrn3.cloudfront.net/media/thumb/8684_96square.jpeg;
Kastrull;Pot;https://d1pra95f92lrn3.cloudfront.net/media/thumb/8034_96square.jpeg;
Groda;Frog;https://d1pra95f92lrn3.cloudfront.net/media/thumb/21850_96square.jpeg;
Mygga;Mosquito;https://d1pra95f92lrn3.cloudfront.net/media/thumb/8939_96square.jpeg;
Myra;Ant;https://d1pra95f92lrn3.cloudfront.net/media/thumb/8204_96square.jpeg;
Orm;Snake;https://d1pra95f92lrn3.cloudfront.net/media/thumb/8909_96square.jpeg;
Sköldpadda;Turtle;https://d1pra95f92lrn3.cloudfront.net/media/thumb/29889_96square.jpeg;
Utgång;Exit;https://d1pra95f92lrn3.cloudfront.net/media/thumb/21854_96square.jpeg;
Guidebok;Guidbook;https://d1pra95f92lrn3.cloudfront.net/media/thumb/21856_96square.jpeg;
Reservation;Reservation;https://d1pra95f92lrn3.cloudfront.net/media/thumb/9220_96square.jpeg;
Bonde;Farmer;https://d1pra95f92lrn3.cloudfront.net/media/thumb/21860_96square.jpeg;
Konstnär;Artist;https://d1pra95f92lrn3.cloudfront.net/media/thumb/21858_96square.jpeg;
Känna;Feel;kanna.jpeg;
Rita;Draw;https://d1pra95f92lrn3.cloudfront.net/media/thumb/9448_96square.jpeg;
Planera;Plan;https://d1pra95f92lrn3.cloudfront.net/media/thumb/21984_96square.jpeg;
Placera;Put;https://d1pra95f92lrn3.cloudfront.net/media/thumb/9094_96square.jpeg;
Hålla i;Remember;https://d1pra95f92lrn3.cloudfront.net/media/thumb/8544_96square.jpeg;
Mäta;Measure;https://d1pra95f92lrn3.cloudfront.net/media/thumb/8752_96square.jpeg;
Marknad;Market;https://d1pra95f92lrn3.cloudfront.net/media/thumb/9544_96square.jpeg;
Mittgång;Aisle;https://d1pra95f92lrn3.cloudfront.net/media/thumb/28890_96square.jpeg;
Kundvagn;Shopping card;https://d1pra95f92lrn3.cloudfront.net/media/thumb/28897_96square.jpeg;
Teckning;Drawing;https://d1pra95f92lrn3.cloudfront.net/media/thumb/8345_96square.jpeg;
Förkylning;Cold;https://d1pra95f92lrn3.cloudfront.net/media/thumb/9808_96square.jpeg;
Skada;Injury;https://d1pra95f92lrn3.cloudfront.net/media/thumb/9090_96square.jpeg;
Smärta;Pain;https://d1pra95f92lrn3.cloudfront.net/media/thumb/9408_96square.jpeg;
Bokhylla;Bookshelf;https://d1pra95f92lrn3.cloudfront.net/media/thumb/17323_96square.jpeg;
Byrå;Dresser;https://d1pra95f92lrn3.cloudfront.net/media/thumb/17330_96square.jpeg;
Väckarklocka;Alarm clock;https://d1pra95f92lrn3.cloudfront.net/media/thumb/9033_96square.jpeg;
Fjärrkontroll;Remote control;https://d1pra95f92lrn3.cloudfront.net/media/thumb/23192_96square.jpeg;
Torka;Wipe;https://d1pra95f92lrn3.cloudfront.net/media/thumb/8615_96square.jpeg;
Tvätta;Clean;https://d1pra95f92lrn3.cloudfront.net/media/thumb/10063_96square.jpeg;
Damma;Dust;https://d1pra95f92lrn3.cloudfront.net/media/thumb/9013_96square.jpeg;
Lägga undan;Put away;https://d1pra95f92lrn3.cloudfront.net/media/thumb/9479_96square.jpeg;
Fuktigt;Humid;https://d1pra95f92lrn3.cloudfront.net/media/thumb/8228_96square.jpeg;
Blåsigt;Windy;https://d1pra95f92lrn3.cloudfront.net/media/thumb/9629_96square.jpeg;
Dimma;Fog;https://d1pra95f92lrn3.cloudfront.net/media/thumb/8447_96square.jpeg;
åska;Thunderstorm;https://d1pra95f92lrn3.cloudfront.net/media/thumb/8502_96square.jpeg;
Bassäng;Pool;https://d1pra95f92lrn3.cloudfront.net/media/thumb/9571_96square.jpg;
Busshållplats;Bus stop;https://d1pra95f92lrn3.cloudfront.net/media/thumb/8234_96square.jpeg;
Korsning;Intersection;https://d1pra95f92lrn3.cloudfront.net/media/thumb/10348_96square.jpeg;
Trafikljus;Traffic light;https://d1pra95f92lrn3.cloudfront.net/media/thumb/9499_96square.jpeg;
Övergångsställe;Crossing;crossing.jpeg;
Vänlig;Kind;https://d1pra95f92lrn3.cloudfront.net/media/thumb/9564_96square.jpeg;
Läskig;Scary;https://d1pra95f92lrn3.cloudfront.net/media/thumb/8311_96square.jpeg;
Elak;Mean;https://d1pra95f92lrn3.cloudfront.net/media/thumb/8124_96square.jpeg;
Skrämmande;Scary;skrammande.jpeg;
Uttråkad;Bored;https://d1pra95f92lrn3.cloudfront.net/media/thumb/17343_96square.jpeg;
Avslappnande;Relaxing;https://d1pra95f92lrn3.cloudfront.net/media/thumb/9671_96square.jpeg;
Servitris;Waitress;https://d1pra95f92lrn3.cloudfront.net/media/thumb/21875_96square.jpeg;
Lavin;Avalanche;https://d1pra95f92lrn3.cloudfront.net/media/thumb/8656_96square.jpeg;
Jordbävning;Earthquake;https://d1pra95f92lrn3.cloudfront.net/media/thumb/9294_96square.jpeg;
Styrketräning;Workout;https://d1pra95f92lrn3.cloudfront.net/media/thumb/9382_96square.jpg;
Handske;Glove;https://d1pra95f92lrn3.cloudfront.net/media/thumb/17263_96square.jpg;
Paraply;Umbrella;https://d1pra95f92lrn3.cloudfront.net/media/thumb/9485_96square.jpg;
Boxershort;Boxer shorts;https://d1pra95f92lrn3.cloudfront.net/media/thumb/9454_96square.jpg;
Nöjd;Satisfied;https://d1pra95f92lrn3.cloudfront.net/media/thumb/17909_96square.jpg;
Plågsam;Painful;https://d1pra95f92lrn3.cloudfront.net/media/thumb/8777_96square.jpg;
Blyg;Shy;https://d1pra95f92lrn3.cloudfront.net/media/thumb/8142_96square.jpg;
Nervös;Nerous;https://d1pra95f92lrn3.cloudfront.net/media/thumb/17344_96square.jpg;
Exalterad;Exited;https://d1pra95f92lrn3.cloudfront.net/media/thumb/21883_96square.jpg;
Generad;Embarressed;https://d1pra95f92lrn3.cloudfront.net/media/thumb/21696_96square.jpg;
Dricks;Tip;https://d1pra95f92lrn3.cloudfront.net/media/thumb/9712_96square.jpg;
Armbåge;Elbow;https://d1pra95f92lrn3.cloudfront.net/media/thumb/9514_96square.jpg;
Blåstorka;Hair dry;https://d1pra95f92lrn3.cloudfront.net/media/thumb/21893_96square.jpg;
Ha sönder;Break;https://d1pra95f92lrn3.cloudfront.net/media/thumb/2944_96square.jpg;
Sår;Cut;https://d1pra95f92lrn3.cloudfront.net/media/thumb/21897_96square.jpg;
Bärbor dator;Laptop;https://d1pra95f92lrn3.cloudfront.net/media/thumb/8712_96square.jpg;
Fläkt;Fan;https://d1pra95f92lrn3.cloudfront.net/media/thumb/8584_96square.jpg;
Spis;Stove;https://d1pra95f92lrn3.cloudfront.net/media/thumb/17239_96square.jpg;
Checka in;Check in;https://d1pra95f92lrn3.cloudfront.net/media/thumb/21899_96square.jpg;
Grundskola;Elementary school;https://d1pra95f92lrn3.cloudfront.net/media/thumb/8264_96square.jpg;
Gymnasie;High school;https://d1pra95f92lrn3.cloudfront.net/media/thumb/8026_96square.jpg;
Universitet;University;https://d1pra95f92lrn3.cloudfront.net/media/thumb/9009_96square.jpg;
Ryggsäck;Backpack;https://d1pra95f92lrn3.cloudfront.net/media/thumb/8708_96square.jpg;
Bly;Led;https://d1pra95f92lrn3.cloudfront.net/media/thumb/10057_96square.jpg;
Pennvässare;pencil sharpener;https://d1pra95f92lrn3.cloudfront.net/media/thumb/17443_96square.jpg;
Skratta;Laugh;https://d1pra95f92lrn3.cloudfront.net/media/thumb/9527_96square.jpeg;
Hoppfull;Hopeful;https://d1pra95f92lrn3.cloudfront.net/media/thumb/8916_96square.jpg;
Djup;Deep;https://d1pra95f92lrn3.cloudfront.net/media/thumb/9692_96square.jpg;
grund;Shallow;https://d1pra95f92lrn3.cloudfront.net/media/thumb/8463_96square.jpg;
Tangentbord;Keyboard;https://d1pra95f92lrn3.cloudfront.net/media/thumb/10119_96square.jpg;
Bokföring;Accounting;https://d1pra95f92lrn3.cloudfront.net/media/thumb/21929_96square.jpg;
försäljning;Sale;https://d1pra95f92lrn3.cloudfront.net/media/thumb/9258_96square.jpg;
IT avdelning;IT department;https://d1pra95f92lrn3.cloudfront.net/media/thumb/8021_96square.jpg;
Revisor;Accountant;https://d1pra95f92lrn3.cloudfront.net/media/thumb/21930_96square.jpg;
Populär;Popular;https://d1pra95f92lrn3.cloudfront.net/media/thumb/8647_96square.jpg;
Missnöjd;Dissatisfied;https://d1pra95f92lrn3.cloudfront.net/media/thumb/21882_96square.jpg;
Känd;Famous;https://d1pra95f92lrn3.cloudfront.net/media/thumb/8620_96square.jpg;
Ledig / vardags;Casual;https://d1pra95f92lrn3.cloudfront.net/media/thumb/8101_96square.jpg;
Flöjt;Flute;https://d1pra95f92lrn3.cloudfront.net/media/thumb/8372_96square.jpg;
Trombon;Trombon;https://d1pra95f92lrn3.cloudfront.net/media/thumb/8699_96square.jpg;
Saxofon;Saxophone;https://d1pra95f92lrn3.cloudfront.net/media/thumb/17283_96square.jpg;
Trummor;Drums;https://d1pra95f92lrn3.cloudfront.net/media/thumb/9320_96square.jpg;
Munspel;Harmonica;https://d1pra95f92lrn3.cloudfront.net/media/thumb/7270_96square.jpg;
Smärta;Smärta;https://d1pra95f92lrn3.cloudfront.net/media/thumb/9408_96square.jpg;
Illamående och kräkning;sausia;https://d1pra95f92lrn3.cloudfront.net/media/thumb/9203_96square.jpg;
Utmattning;Fatigue;https://d1pra95f92lrn3.cloudfront.net/media/thumb/9227_96square.jpg;
Klåda;Klåda;https://d1pra95f92lrn3.cloudfront.net/media/thumb/9302_96square.jpg;
Halsont;Sore through;https://d1pra95f92lrn3.cloudfront.net/media/thumb/21932_96square.jpg;
Yr;Dizzy;https://d1pra95f92lrn3.cloudfront.net/media/thumb/9404_96square.jpg;
Nästappa;Stuffy nose;https://d1pra95f92lrn3.cloudfront.net/media/thumb/21931_96square.jpg;
Rum;Room;https://d1pra95f92lrn3.cloudfront.net/media/thumb/8105_96square.jpg;
Lobby;Lobby;https://d1pra95f92lrn3.cloudfront.net/media/thumb/10252_96square.jpg;
Rumsbetjäning;Roomservice;https://d1pra95f92lrn3.cloudfront.net/media/thumb/21936_96square.jpg;
reservation;Reservation;https://d1pra95f92lrn3.cloudfront.net/media/thumb/9220_96square.jpg;
Pingis;Ping pong;https://d1pra95f92lrn3.cloudfront.net/media/thumb/21941_96square.jpg;
Löpning / Att springa;Running;https://d1pra95f92lrn3.cloudfront.net/media/thumb/21943_96square.jpg;
Skidåkning;Skiing;https://d1pra95f92lrn3.cloudfront.net/media/thumb/21942_96square.jpg;
Volleyboll;Volleyboll;https://d1pra95f92lrn3.cloudfront.net/media/thumb/21944_96square.jpg;
Boxning;Boxing;https://d1pra95f92lrn3.cloudfront.net/media/thumb/22274_96square.jpg;
Tejp;Tape;https://d1pra95f92lrn3.cloudfront.net/media/thumb/21945_96square.jpg;
Soptunna;Garbage pail;https://d1pra95f92lrn3.cloudfront.net/media/thumb/9128_96square.jpg;
Kuvert;Kuvert;https://d1pra95f92lrn3.cloudfront.net/media/thumb/21946_96square.jpg;
Häftstift;Staple;https://d1pra95f92lrn3.cloudfront.net/media/thumb/9161_96square.jpg;
Häftappart;Stapler;https://d1pra95f92lrn3.cloudfront.net/media/thumb/8161_96square.jpg;
Gem;Paper clipp;https://d1pra95f92lrn3.cloudfront.net/media/thumb/9397_96square.jpg;
Mapp;Folder;https://d1pra95f92lrn3.cloudfront.net/media/thumb/17404_96square.jpg;
Ta examen;Graduate;https://d1pra95f92lrn3.cloudfront.net/media/thumb/9018_96square.jpg;
Förlovad;Engaged;https://d1pra95f92lrn3.cloudfront.net/media/thumb/8176_96square.jpg;
Biljett;Ticket;https://d1pra95f92lrn3.cloudfront.net/media/thumb/21954_96square.jpg;
Rundresa;Roundtrip;https://d1pra95f92lrn3.cloudfront.net/media/thumb/21956_96square.jpg;
Tidtabell;Timetable;https://d1pra95f92lrn3.cloudfront.net/media/thumb/10378_96square.jpg;
Spärr;Spärr;https://d1pra95f92lrn3.cloudfront.net/media/thumb/21952_96square.jpg;
Perrong;Platform;https://d1pra95f92lrn3.cloudfront.net/media/thumb/8425_96square.jpg;
Biljettautomat;Ticket machine;https://d1pra95f92lrn3.cloudfront.net/media/thumb/8678_96square.jpg;
Biljettstånd;Ticket booth;https://d1pra95f92lrn3.cloudfront.net/media/thumb/21955_96square.jpg;
Tidningsförlag;Newspaper publisher;https://d1pra95f92lrn3.cloudfront.net/media/thumb/8417_96square.jpg;
Redigera;Edit;https://d1pra95f92lrn3.cloudfront.net/media/thumb/8762_96square.jpg;
Styrelserum;Boardroom;https://d1pra95f92lrn3.cloudfront.net/media/thumb/8202_96square.jpg;
Ordförandi;President;https://d1pra95f92lrn3.cloudfront.net/media/thumb/8783_96square.jpg;
Tolk;Interpreter;https://d1pra95f92lrn3.cloudfront.net/media/thumb/21979_96square.jpg;
Översättare;Translator;https://d1pra95f92lrn3.cloudfront.net/media/thumb/21978_96square.jpg;
Skämta / Skoja;Joke;https://d1pra95f92lrn3.cloudfront.net/media/thumb/15378_96square.jpg;
Intryck;Impression;https://d1pra95f92lrn3.cloudfront.net/media/thumb/21977_96square.jpg;
Energisk;Energenic;https://d1pra95f92lrn3.cloudfront.net/media/thumb/10329_96square.jpg;
Motsätta;Oppose;https://d1pra95f92lrn3.cloudfront.net/media/thumb/8165_96square.jpg;
Samtycka;Aggree;https://d1pra95f92lrn3.cloudfront.net/media/thumb/8398_96square.jpg;
Annosera;Announce;https://d1pra95f92lrn3.cloudfront.net/media/thumb/21981_96square.jpg;
Hålla ett möte;Hold a meeting;https://d1pra95f92lrn3.cloudfront.net/media/thumb/21983_96square.jpg;
Godkänna;Approve;https://d1pra95f92lrn3.cloudfront.net/media/thumb/8871_96square.jpg;
Stödja;Support;https://d1pra95f92lrn3.cloudfront.net/media/thumb/8948_96square.jpg;
Planera;Plan;https://d1pra95f92lrn3.cloudfront.net/media/thumb/21984_96square.jpg;
Forskning;Research;https://d1pra95f92lrn3.cloudfront.net/media/thumb/8371_96square.jpg;
Begäran;Request;https://d1pra95f92lrn3.cloudfront.net/media/thumb/8074_96square.jpg;
Bearbeta;Revise;https://d1pra95f92lrn3.cloudfront.net/media/thumb/8053_96square.jpg;
Arbetskraft;Workforce;https://d1pra95f92lrn3.cloudfront.net/media/thumb/21985_96square.jpg;
Jordbruk;Agriculture;https://d1pra95f92lrn3.cloudfront.net/media/thumb/22505_96square.jpg;
Del;Del;https://d1pra95f92lrn3.cloudfront.net/media/thumb/9902_96square.jpg;
Elektriciet;Electricity;https://d1pra95f92lrn3.cloudfront.net/media/thumb/9578_96square.jpg;
Inmatning;Input;https://d1pra95f92lrn3.cloudfront.net/media/thumb/8569_96square.jpg;
Fiske;Fishing;https://d1pra95f92lrn3.cloudfront.net/media/thumb/10150_96square.jpg;
Minska;Decrese;https://d1pra95f92lrn3.cloudfront.net/media/thumb/9655_96square.jpg;
Galge;Hanger;https://d1pra95f92lrn3.cloudfront.net/media/thumb/8199_96square.jpg;
Träningsoverall;Sweat suit;https://d1pra95f92lrn3.cloudfront.net/media/thumb/21987_96square.jpg;
Trocktröja;Sweater;https://d1pra95f92lrn3.cloudfront.net/media/thumb/17264_96square.jpg;
Väst;Vest;https://d1pra95f92lrn3.cloudfront.net/media/thumb/21988_96square.jpg;
Ficka;Pocket;https://d1pra95f92lrn3.cloudfront.net/media/thumb/9063_96square.jpg;
Knapp;Button;https://d1pra95f92lrn3.cloudfront.net/media/thumb/10224_96square.jpg;
Gummisnodd;Elastic band;https://d1pra95f92lrn3.cloudfront.net/media/thumb/23358_96square.jpg;
Ärm;Sleeve;https://d1pra95f92lrn3.cloudfront.net/media/thumb/9733_96square.jpg;
Krage;Collar;https://d1pra95f92lrn3.cloudfront.net/media/thumb/8375_96square.jpg;
Ta av sig;Take off;https://d1pra95f92lrn3.cloudfront.net/media/thumb/21989_96square.jpg;
Sätta på sig;Put on;https://d1pra95f92lrn3.cloudfront.net/media/thumb/20922_96square.jpg;
Sticka;Knit;https://d1pra95f92lrn3.cloudfront.net/media/thumb/8852_96square.jpg;
Märke;Brand;https://d1pra95f92lrn3.cloudfront.net/media/thumb/9668_96square.jpg;
Stil;Style;https://d1pra95f92lrn3.cloudfront.net/media/thumb/21478_96square.jpg;
Slapp;Loose;https://d1pra95f92lrn3.cloudfront.net/media/thumb/10258_96square.jpg;
Tajt;Tight;https://d1pra95f92lrn3.cloudfront.net/media/thumb/9920_96square.jpg;
Städat;Neat;https://d1pra95f92lrn3.cloudfront.net/media/thumb/21992_96square.jpg;
Handgjord;Handmade;https://d1pra95f92lrn3.cloudfront.net/media/thumb/10341_96square.jpg;
Sandaler;Sandaler;https://d1pra95f92lrn3.cloudfront.net/media/thumb/21996_96square.jpg;
Gymnastiksko;Sneakers;https://d1pra95f92lrn3.cloudfront.net/media/thumb/9612_96square.jpg;
Toffel;Slipper;https://d1pra95f92lrn3.cloudfront.net/media/thumb/21748_96square.jpg;
Baddräkt;Swimsuit;https://d1pra95f92lrn3.cloudfront.net/media/thumb/21404_96square.jpg;
Minikjol;Mini skirt;https://d1pra95f92lrn3.cloudfront.net/media/thumb/9771_96square.jpg;
Högtid;Holiday;https://d1pra95f92lrn3.cloudfront.net/media/thumb/15532_96square.jpg;
Leta efter;Receive;https://d1pra95f92lrn3.cloudfront.net/media/thumb/21811_96square.jpg;
Känna;Feel;https://d1pra95f92lrn3.cloudfront.net/media/thumb/21864_96square.jpg;
Rita;Draw;https://d1pra95f92lrn3.cloudfront.net/media/thumb/9448_96square.jpg;
Placera;Put;https://d1pra95f92lrn3.cloudfront.net/media/thumb/9094_96square.jpg;
Minnas;Remember;https://d1pra95f92lrn3.cloudfront.net/media/thumb/8544_96square.jpg;
Hålla i;Hold;https://d1pra95f92lrn3.cloudfront.net/media/thumb/8914_96square.jpg;
Avsluta;Finish;https://d1pra95f92lrn3.cloudfront.net/media/thumb/10335_96square.jpg;
Mäta;Measure;https://d1pra95f92lrn3.cloudfront.net/media/thumb/8752_96square.jpg;
Frukta;Fear;https://d1pra95f92lrn3.cloudfront.net/media/thumb/9645_96square.jpg;
Missa;Miss;https://d1pra95f92lrn3.cloudfront.net/media/thumb/22049_96square.jpg;
Inträda;Enter;https://d1pra95f92lrn3.cloudfront.net/media/thumb/8254_96square.jpg;
Svag;Weak;https://d1pra95f92lrn3.cloudfront.net/media/thumb/21814_96square.jpg;
Stark;Strong;https://d1pra95f92lrn3.cloudfront.net/media/thumb/8014_96square.jpg;
Hög;High;https://d1pra95f92lrn3.cloudfront.net/media/thumb/17230_96square.jpg;
Vänlig;Kind;https://d1pra95f92lrn3.cloudfront.net/media/thumb/9564_96square.jpg;
Irriterande;Annoying;https://d1pra95f92lrn3.cloudfront.net/media/thumb/8869_96square.jpg;
Bred;Wide;https://d1pra95f92lrn3.cloudfront.net/media/thumb/22073_96square.jpg;
Smal;Narrow;https://d1pra95f92lrn3.cloudfront.net/media/thumb/8265_96square.jpg;
Hård;Hard;https://d1pra95f92lrn3.cloudfront.net/media/thumb/8599_96square.jpg;
Missnöjd;Dissatisfied;https://d1pra95f92lrn3.cloudfront.net/media/thumb/21882_96square.jpg;
Plågsam;Painful;https://d1pra95f92lrn3.cloudfront.net/media/thumb/8777_96square.jpg;
Hoppfull;Hopeful;https://d1pra95f92lrn3.cloudfront.net/media/thumb/8916_96square.jpg;
Exalterad;Exited;https://d1pra95f92lrn3.cloudfront.net/media/thumb/21883_96square.jpg;
Fattig;Poor;https://d1pra95f92lrn3.cloudfront.net/media/thumb/21914_96square.jpg;
Känd;Famous;https://d1pra95f92lrn3.cloudfront.net/media/thumb/8620_96square.jpg;
På riktigt;Really;https://d1pra95f92lrn3.cloudfront.net/media/thumb/19429_96square.jpg;
Sant;True ;https://d1pra95f92lrn3.cloudfront.net/media/thumb/8807_96square.jpg;
Falsk;False ;https://d1pra95f92lrn3.cloudfront.net/media/thumb/8554_96square.jpg;
Närvara;Attend;https://d1pra95f92lrn3.cloudfront.net/media/thumb/22059_96square.jpg;
återvända;Return;https://d1pra95f92lrn3.cloudfront.net/media/thumb/8301_96square.jpg;
Bada;Bath;https://d1pra95f92lrn3.cloudfront.net/media/thumb/21895_96square.jpg;
Tät;Dense;https://d1pra95f92lrn3.cloudfront.net/media/thumb/8409_96square.jpg;
Klädesaffär;Clothing store;https://d1pra95f92lrn3.cloudfront.net/media/thumb/21177_96square.jpg;
Kundvagn;Shopping card;https://d1pra95f92lrn3.cloudfront.net/media/thumb/28897_96square.jpg;
Söktjänst;Search engine;https://d1pra95f92lrn3.cloudfront.net/media/thumb/22078_96square.jpg;
Anslutning;Connection;https://d1pra95f92lrn3.cloudfront.net/media/thumb/9604_96square.jpg;
Dygnet runt;All day;https://d1pra95f92lrn3.cloudfront.net/media/thumb/17281_96square.jpg;
Nattetid;Nighttime;https://d1pra95f92lrn3.cloudfront.net/media/thumb/8319_96square.jpg;
Dagtid;Daytime;https://d1pra95f92lrn3.cloudfront.net/media/thumb/26346_96square.jpg;
Hädenefter;From now on;https://d1pra95f92lrn3.cloudfront.net/media/thumb/8156_96square.jpg;
Vanligtvis;Usually;https://d1pra95f92lrn3.cloudfront.net/media/thumb/22007_96square.jpg;
Ösregn;Heavy rain;https://d1pra95f92lrn3.cloudfront.net/media/thumb/8963_96square.jpg;
Översvämning;Flood;https://d1pra95f92lrn3.cloudfront.net/media/thumb/8206_96square.jpg;
Blixt;Lightning;https://d1pra95f92lrn3.cloudfront.net/media/thumb/10241_96square.jpg;
Klar himmel;Clear sky;https://d1pra95f92lrn3.cloudfront.net/media/thumb/9192_96square.jpg;
Fuktigt;Humid;https://d1pra95f92lrn3.cloudfront.net/media/thumb/8228_96square.jpg;
Slask;Sleet;https://d1pra95f92lrn3.cloudfront.net/media/thumb/22083_96square.jpg;
Åska;Thunder;https://d1pra95f92lrn3.cloudfront.net/media/thumb/9741_96square.jpg;
Klarna;Clear up;https://d1pra95f92lrn3.cloudfront.net/media/thumb/8478_96square.jpg;
Teckning;Drawing;https://d1pra95f92lrn3.cloudfront.net/media/thumb/8345_96square.jpg;
Regissör;Director;https://d1pra95f92lrn3.cloudfront.net/media/thumb/22085_96square.jpg;
Handling;Story;https://d1pra95f92lrn3.cloudfront.net/media/thumb/22087_96square.jpg;
Sångare;Singer;https://d1pra95f92lrn3.cloudfront.net/media/thumb/22091_96square.jpg;
Hacka;Chop;https://d1pra95f92lrn3.cloudfront.net/media/thumb/8320_96square.jpg;
Förbereda;Prepare;https://d1pra95f92lrn3.cloudfront.net/media/thumb/8568_96square.jpg;
Bestick;Utensil;https://d1pra95f92lrn3.cloudfront.net/media/thumb/17287_96square.jpg;
Ånga;Steam;https://d1pra95f92lrn3.cloudfront.net/media/thumb/8582_96square.jpg;
Tilltugg;Snack;https://d1pra95f92lrn3.cloudfront.net/media/thumb/22106_96square.jpg;
Törstig;Thirsty;https://d1pra95f92lrn3.cloudfront.net/media/thumb/9927_96square.jpg;
rätter;Course meal;https://d1pra95f92lrn3.cloudfront.net/media/thumb/9172_96square.jpg;
Buffe;All you can eat;https://d1pra95f92lrn3.cloudfront.net/media/thumb/9652_96square.jpg;
Räka;Shrimp;https://d1pra95f92lrn3.cloudfront.net/media/thumb/22108_96square.jpg;
Slev;Ladle;https://d1pra95f92lrn3.cloudfront.net/media/thumb/8555_96square.jpg;
Tandpetare;Toothpick;https://d1pra95f92lrn3.cloudfront.net/media/thumb/8674_96square.jpg;
Fat;Dish;https://d1pra95f92lrn3.cloudfront.net/media/thumb/9332_96square.jpg;
Ryggrad;Backbone;https://d1pra95f92lrn3.cloudfront.net/media/thumb/22134_96square.jpg;
Dra;Pull;https://d1pra95f92lrn3.cloudfront.net/media/thumb/9585_96square.jpg;
Gräva;Dig;https://d1pra95f92lrn3.cloudfront.net/media/thumb/9549_96square.jpg;
Trycka;Push;https://d1pra95f92lrn3.cloudfront.net/media/thumb/9745_96square.jpg;
Placera;Put;https://d1pra95f92lrn3.cloudfront.net/media/thumb/9094_96square.jpg;
Klättra;Climb;https://d1pra95f92lrn3.cloudfront.net/media/thumb/9434_96square.jpg;
Skaka på huvudet;Shake one’s head;https://d1pra95f92lrn3.cloudfront.net/media/thumb/10111_96square.jpg;
Stuka;Sprain;https://d1pra95f92lrn3.cloudfront.net/media/thumb/22115_96square.jpg;
vrida;Twist;https://d1pra95f92lrn3.cloudfront.net/media/thumb/17321_96square.jpg;
Fånga;Catch;https://d1pra95f92lrn3.cloudfront.net/media/thumb/22112_96square.jpg;
Hälsosam;Healthy;https://d1pra95f92lrn3.cloudfront.net/media/thumb/21645_96square.jpg;
Mager;Skinny;https://d1pra95f92lrn3.cloudfront.net/media/thumb/22135_96square.jpg;
Smal;Slim;https://d1pra95f92lrn3.cloudfront.net/media/thumb/8397_96square.jpg;
Tjock;Thick;https://d1pra95f92lrn3.cloudfront.net/media/thumb/9345_96square.jpg;
Smal;Thin;https://d1pra95f92lrn3.cloudfront.net/media/thumb/22136_96square.jpg;
Nysa;Sneeze;https://d1pra95f92lrn3.cloudfront.net/media/thumb/8672_96square.jpg;
Saliv;Saliva;https://d1pra95f92lrn3.cloudfront.net/media/thumb/8617_96square.jpg;
Hicka;Hiccup;https://d1pra95f92lrn3.cloudfront.net/media/thumb/8844_96square.jpg;
Finne;Pimple;https://d1pra95f92lrn3.cloudfront.net/media/thumb/9368_96square.jpg;
Svett;Sweat;https://d1pra95f92lrn3.cloudfront.net/media/thumb/22008_96square.jpg;
Hosta;Hosta;https://d1pra95f92lrn3.cloudfront.net/media/thumb/9784_96square.jpg;
Andas;Breath;https://d1pra95f92lrn3.cloudfront.net/media/thumb/8013_96square.jpg;
Panna;Forehead;https://d1pra95f92lrn3.cloudfront.net/media/thumb/9618_96square.jpg;
Rynka;Wrinkle;https://d1pra95f92lrn3.cloudfront.net/media/thumb/22118_96square.jpg;
Näsborre;nostril;https://d1pra95f92lrn3.cloudfront.net/media/thumb/8743_96square.jpg;
Lår;Thigh;https://d1pra95f92lrn3.cloudfront.net/media/thumb/22123_96square.jpg;
Vad;Calf;https://d1pra95f92lrn3.cloudfront.net/media/thumb/22119_96square.jpg;
Skinkor;Buttocks;https://d1pra95f92lrn3.cloudfront.net/media/thumb/22137_96square.jpg;
Tånagel;Toenail;https://d1pra95f92lrn3.cloudfront.net/media/thumb/22124_96square.jpg;
Häl;Heel;https://d1pra95f92lrn3.cloudfront.net/media/thumb/22121_96square.jpg;
Midja;Waist;https://d1pra95f92lrn3.cloudfront.net/media/thumb/22125_96square.jpg;
Knäskål;Skäskål;https://d1pra95f92lrn3.cloudfront.net/media/thumb/22122_96square.jpg;
Ljumske;Groin;https://d1pra95f92lrn3.cloudfront.net/media/thumb/22120_96square.jpg;
Handled;Wrist;https://d1pra95f92lrn3.cloudfront.net/media/thumb/21889_96square.jpg;
Revben;Rib;https://d1pra95f92lrn3.cloudfront.net/media/thumb/22131_96square.jpg;
Njure;Kidney;https://d1pra95f92lrn3.cloudfront.net/media/thumb/22128_96square.jpg;
Pincett;Tweezers;https://d1pra95f92lrn3.cloudfront.net/media/thumb/6787_96square.jpg;
Kroppstemperatur;Body temperature;https://d1pra95f92lrn3.cloudfront.net/media/thumb/9674_96square.jpg;
Akuten;Emergency room;https://d1pra95f92lrn3.cloudfront.net/media/thumb/10328_96square.jpg;
Medicinsk historia;Medical history;https://d1pra95f92lrn3.cloudfront.net/media/thumb/9263_96square.jpg;
Försäkring;Insurance;https://d1pra95f92lrn3.cloudfront.net/media/thumb/9406_96square.jpg;
Bryta;Break;https://d1pra95f92lrn3.cloudfront.net/media/thumb/10131_96square.jpg;
Utmattning;Fatigue;https://d1pra95f92lrn3.cloudfront.net/media/thumb/9227_96square.jpg;
Yr;Dizzy;https://d1pra95f92lrn3.cloudfront.net/media/thumb/9404_96square.jpg;
Möbel;Furniture;https://d1pra95f92lrn3.cloudfront.net/media/thumb/8415_96square.jpg;
Nattduksbord;Nightstand;https://d1pra95f92lrn3.cloudfront.net/media/thumb/9074_96square.jpg;
Soffbord;Coffe table;https://d1pra95f92lrn3.cloudfront.net/media/thumb/8585_96square.jpg;
Skul;Stol;https://d1pra95f92lrn3.cloudfront.net/media/thumb/17326_96square.jpg;
Soffa;Sofa;https://d1pra95f92lrn3.cloudfront.net/media/thumb/9183_96square.jpg;
Matbord;Dinner table;https://d1pra95f92lrn3.cloudfront.net/media/thumb/17331_96square.jpg;
Bakdörr;Back door;https://d1pra95f92lrn3.cloudfront.net/media/thumb/8086_96square.jpg;
Tak;Ceiling;https://d1pra95f92lrn3.cloudfront.net/media/thumb/8606_96square.jpg;
Nedervåning;Downstairs;https://d1pra95f92lrn3.cloudfront.net/media/thumb/9446_96square.jpg;
Garderob;Closet;https://d1pra95f92lrn3.cloudfront.net/media/thumb/20754_96square.jpg;
Dörröpning;Doorway;https://d1pra95f92lrn3.cloudfront.net/media/thumb/9693_96square.jpg;
Hotelrum;Hotelroom;https://d1pra95f92lrn3.cloudfront.net/media/thumb/8105_96square.jpg;
Gräs;Grass;https://d1pra95f92lrn3.cloudfront.net/media/thumb/9534_96square.jpg;
Mikrovågsugn;Microwave oven;https://d1pra95f92lrn3.cloudfront.net/media/thumb/9300_96square.jpg;
Damsugare;Vacuum cleaner;https://d1pra95f92lrn3.cloudfront.net/media/thumb/8361_96square.jpg;
Tvättmaskin;Washing machine;https://d1pra95f92lrn3.cloudfront.net/media/thumb/9985_96square.jpg;
Fläkt;Fläkt;https://d1pra95f92lrn3.cloudfront.net/media/thumb/8584_96square.jpg;
Luftkonditionering;Air contitioner;https://d1pra95f92lrn3.cloudfront.net/media/thumb/10317_96square.jpg;
Spis;Stove;https://d1pra95f92lrn3.cloudfront.net/media/thumb/17239_96square.jpg;
Kontakt;Electric plug;https://d1pra95f92lrn3.cloudfront.net/media/thumb/9755_96square.jpg;
Skivspelare;Record player;https://d1pra95f92lrn3.cloudfront.net/media/thumb/9119_96square.jpg;
Elektriskt Vägguttag;Power outlet;https://d1pra95f92lrn3.cloudfront.net/media/thumb/8634_96square.jpg;
Lampa;Lamp;https://d1pra95f92lrn3.cloudfront.net/media/thumb/17334_96square.jpg;
Matta;Karpet;https://d1pra95f92lrn3.cloudfront.net/media/thumb/8024_96square.jpg;
Värktygslåta;Toolbox;https://d1pra95f92lrn3.cloudfront.net/media/thumb/8607_96square.jpg;
Måtband;Tape measure;https://d1pra95f92lrn3.cloudfront.net/media/thumb/8280_96square.jpg;
Vattpass;Level;https://d1pra95f92lrn3.cloudfront.net/media/thumb/8470_96square.jpg;
Skruvmejsel;Skrewdriver;https://d1pra95f92lrn3.cloudfront.net/media/thumb/8155_96square.jpg;
Hammare;Hammer;https://d1pra95f92lrn3.cloudfront.net/media/thumb/9318_96square.jpg;
Såg;Saw;https://d1pra95f92lrn3.cloudfront.net/media/thumb/10365_96square.jpg;
Moppa;Mop;https://d1pra95f92lrn3.cloudfront.net/media/thumb/8183_96square.jpg;
Glödlampa;Light bulb;https://d1pra95f92lrn3.cloudfront.net/media/thumb/10238_96square.jpg;
Ljus;Candle;https://d1pra95f92lrn3.cloudfront.net/media/thumb/22153_96square.jpg;
Pappersnäsduk;Tissue;https://d1pra95f92lrn3.cloudfront.net/media/thumb/8080_96square.jpg;
Tändare;Lighter;https://d1pra95f92lrn3.cloudfront.net/media/thumb/17338_96square.jpg;
Svamp;Sponge;https://d1pra95f92lrn3.cloudfront.net/media/thumb/17339_96square.jpg;
Flaskopnare;Bottle opener;https://d1pra95f92lrn3.cloudfront.net/media/thumb/22152_96square.jpg;
Burk / conservöppnare;Can opener;https://d1pra95f92lrn3.cloudfront.net/media/thumb/9607_96square.jpg;
Tändsticka;Match;https://d1pra95f92lrn3.cloudfront.net/media/thumb/9998_96square.jpg;
Kastrull;Pot;https://d1pra95f92lrn3.cloudfront.net/media/thumb/8034_96square.jpg;
Otillfredsställd;Unsatisfied;https://d1pra95f92lrn3.cloudfront.net/media/thumb/22156_96square.jpg;
Ogillar;Dislike;https://d1pra95f92lrn3.cloudfront.net/media/thumb/17796_96square.jpg;
Avslappnad;Avslappnad;https://d1pra95f92lrn3.cloudfront.net/media/thumb/9212_96square.jpg;
Kort stubin;Short tempered;https://d1pra95f92lrn3.cloudfront.net/media/thumb/9464_96square.jpg;
Artig;Polite;https://d1pra95f92lrn3.cloudfront.net/media/thumb/8827_96square.jpg;
Dryg;Overbearing;https://d1pra95f92lrn3.cloudfront.net/media/thumb/9567_96square.jpg;
Sträng;Strict;https://d1pra95f92lrn3.cloudfront.net/media/thumb/9317_96square.jpg;
Enestående;Outstanding;https://d1pra95f92lrn3.cloudfront.net/media/thumb/24952_96square.jpg;
Klipsk;Clever;https://d1pra95f92lrn3.cloudfront.net/media/thumb/8203_96square.jpg;
Anmärkningsvärd;Remarkable;https://d1pra95f92lrn3.cloudfront.net/media/thumb/17347_96square.jpg;
Livlig;Lively;https://d1pra95f92lrn3.cloudfront.net/media/thumb/17346_96square.jpg;
Ärlig;Honest;https://d1pra95f92lrn3.cloudfront.net/media/thumb/8495_96square.jpg;
Lägenhetsbyggnad;Apartment building;https://d1pra95f92lrn3.cloudfront.net/media/thumb/9600_96square.jpg;
Fladdermus;Bat;https://d1pra95f92lrn3.cloudfront.net/media/thumb/22172_96square.jpg;
Spindel;Spider;https://d1pra95f92lrn3.cloudfront.net/media/thumb/9411_96square.jpg;
Myra;Ant;https://d1pra95f92lrn3.cloudfront.net/media/thumb/8204_96square.jpg;
Insekt;Bug;https://d1pra95f92lrn3.cloudfront.net/media/thumb/8046_96square.jpg;
Mask;Worm;https://d1pra95f92lrn3.cloudfront.net/media/thumb/8565_96square.jpg;
Kulle;Hill;https://d1pra95f92lrn3.cloudfront.net/media/thumb/9005_96square.jpg;
Skärgård / Archipelago;Skärgård;https://d1pra95f92lrn3.cloudfront.net/media/thumb/8367_96square.jpg;
Berg;Mountain;https://d1pra95f92lrn3.cloudfront.net/media/thumb/8250_96square.jpg;
Flod;River;https://d1pra95f92lrn3.cloudfront.net/media/thumb/10276_96square.jpg;
Damm;Pond;https://d1pra95f92lrn3.cloudfront.net/media/thumb/8836_96square.jpg;
Hav;Ocean;https://d1pra95f92lrn3.cloudfront.net/media/thumb/20676_96square.jpg;
Kust;Seaside;https://d1pra95f92lrn3.cloudfront.net/media/thumb/9060_96square.jpg;
Sjö (Lake);Lake;https://d1pra95f92lrn3.cloudfront.net/media/thumb/8990_96square.jpg;
Ödemark;Wasteland;https://d1pra95f92lrn3.cloudfront.net/media/thumb/8749_96square.jpg;
Vattenfall;Watterfall;https://d1pra95f92lrn3.cloudfront.net/media/thumb/9673_96square.jpg;
Öken;Desert;https://d1pra95f92lrn3.cloudfront.net/media/thumb/8259_96square.jpg;
Jord;Soil;https://d1pra95f92lrn3.cloudfront.net/media/thumb/9682_96square.jpg;
Sten;Rock;https://d1pra95f92lrn3.cloudfront.net/media/thumb/22182_96square.jpg;
Översvämning;Flood;https://d1pra95f92lrn3.cloudfront.net/media/thumb/8206_96square.jpg;
Åskväder;Thunderstorm;https://d1pra95f92lrn3.cloudfront.net/media/thumb/8164_96square.jpeg;
Löv;leaf;https://d1pra95f92lrn3.cloudfront.net/media/thumb/9746_96square.jpeg;
Gren;Branch;https://d1pra95f92lrn3.cloudfront.net/media/thumb/8741_96square.jpeg;
Träd;Träd;https://d1pra95f92lrn3.cloudfront.net/media/thumb/8834_96square.jpeg;
Buske;Bush;https://d1pra95f92lrn3.cloudfront.net/media/thumb/22190_96square.jpeg;
Frö;Seed;https://d1pra95f92lrn3.cloudfront.net/media/thumb/8363_96square.jpeg;
Orm;Snake;https://d1pra95f92lrn3.cloudfront.net/media/thumb/8909_96square.jpeg;
Sköldpadda;Turtle;https://d1pra95f92lrn3.cloudfront.net/media/thumb/29889_96square.jpeg;
Krokodil;Crockodile;https://d1pra95f92lrn3.cloudfront.net/media/thumb/17356_96square.jpeg;
Ödla;Lizard;https://d1pra95f92lrn3.cloudfront.net/media/thumb/17360_96square.jpeg;
Väderleksrapport;Weather report;https://d1pra95f92lrn3.cloudfront.net/media/thumb/9025_96square.jpeg;
Karantän;Quarantine;https://d1pra95f92lrn3.cloudfront.net/media/thumb/9015_96square.jpeg;
Tull;Customs;https://d1pra95f92lrn3.cloudfront.net/media/thumb/8025_96square.jpeg;
Böter;Fine;https://d1pra95f92lrn3.cloudfront.net/media/thumb/9523_96square.jpeg;
illegal;Illegal;https://d1pra95f92lrn3.cloudfront.net/media/thumb/8622_96square.jpeg;
Inspectera;Inspect;https://d1pra95f92lrn3.cloudfront.net/media/thumb/9127_96square.jpeg;
Deklarera;Declare;https://d1pra95f92lrn3.cloudfront.net/media/thumb/17243_96square.jpeg;
Fylla i;Fill out;https://d1pra95f92lrn3.cloudfront.net/media/thumb/9298_96square.jpeg;
Hälsa på släkt;Visit relatives;https://d1pra95f92lrn3.cloudfront.net/media/thumb/8784_96square.jpeg;
Växelkurs;Exchange rate;https://d1pra95f92lrn3.cloudfront.net/media/thumb/9204_96square.jpeg;
Deckare;Mystery;https://d1pra95f92lrn3.cloudfront.net/media/thumb/17380_96square.jpeg;
Hoppa;Jump;https://d1pra95f92lrn3.cloudfront.net/media/thumb/9239_96square.jpeg;
Motion;Exercise;https://d1pra95f92lrn3.cloudfront.net/media/thumb/9382_96square.jpeg;
Flygvärdinna;Flight attendant;https://d1pra95f92lrn3.cloudfront.net/media/thumb/17373_96square.jpeg;
Säte;Seat;https://d1pra95f92lrn3.cloudfront.net/media/thumb/21928_96square.jpeg;
Flyg;Flight;https://d1pra95f92lrn3.cloudfront.net/media/thumb/21927_96square.jpeg;
Bagage;Bagage;https://d1pra95f92lrn3.cloudfront.net/media/thumb/10265_96square.jpeg;
Avgångsgate;Departure gate;https://d1pra95f92lrn3.cloudfront.net/media/thumb/8931_96square.jpeg;
Avgång;Departure;https://d1pra95f92lrn3.cloudfront.net/media/thumb/8450_96square.jpeg;
Ankomst;Arrival;https://d1pra95f92lrn3.cloudfront.net/media/thumb/22257_96square.jpeg;
Fligtnummer;Flight number;https://d1pra95f92lrn3.cloudfront.net/media/thumb/21926_96square.jpeg;
Schack;Chess;https://d1pra95f92lrn3.cloudfront.net/media/thumb/9686_96square.jpeg;
Gitarr;Guitar;https://d1pra95f92lrn3.cloudfront.net/media/thumb/9367_96square.jpeg;
Samla frimärker;Collect stamps;https://d1pra95f92lrn3.cloudfront.net/media/thumb/8809_96square.jpeg;
Skidskroåkning;Ice skating;https://d1pra95f92lrn3.cloudfront.net/media/thumb/22260_96square.jpeg;
Enkelsäng;Single bed;https://d1pra95f92lrn3.cloudfront.net/media/thumb/21902_96square.jpeg;
Väckertjänst;Wake up service;https://d1pra95f92lrn3.cloudfront.net/media/thumb/21937_96square.jpg;
Inget ledigt;No vacancy;https://d1pra95f92lrn3.cloudfront.net/media/thumb/22266_96square.jpg;
Tvätttjänst;Laundry service;https://d1pra95f92lrn3.cloudfront.net/media/thumb/22265_96square.jpg;
Servitör;Waiter;https://d1pra95f92lrn3.cloudfront.net/media/thumb/21874_96square.jpg;
Bassäng;Pool;https://d1pra95f92lrn3.cloudfront.net/media/thumb/9571_96square.jpg;
Blomsterträgård;Flower garden;https://d1pra95f92lrn3.cloudfront.net/media/thumb/14051_96square.jpg;
Känn dig som hemma;Make yourself as home;https://d1pra95f92lrn3.cloudfront.net/media/thumb/10354_96square.jpg;
Förlåt att du fick vänta;Sorry to keep you waiting;https://d1pra95f92lrn3.cloudfront.net/media/thumb/17384_96square.jpeg;
Det här är till dig;This is for you;https://d1pra95f92lrn3.cloudfront.net/media/thumb/15925_96square.jpeg;
Knacka;Knock;https://d1pra95f92lrn3.cloudfront.net/media/thumb/22267_96square.jpeg;
Det var länge sidan;Long time no see;https://d1pra95f92lrn3.cloudfront.net/media/thumb/22268_96square.jpeg;
Tävling;Competition;https://d1pra95f92lrn3.cloudfront.net/media/thumb/20804_96square.jpeg;
Mästerkapstävling;;https://d1pra95f92lrn3.cloudfront.net/media/thumb/22270_96square.jpeg;
Lag;;https://d1pra95f92lrn3.cloudfront.net/media/thumb/10374_96square.jpeg;
Simning;;https://d1pra95f92lrn3.cloudfront.net/media/thumb/17385_96square.jpeg;
Uprepa;;https://d1pra95f92lrn3.cloudfront.net/media/thumb/22277_96square.jpeg;
Felaktig;;https://d1pra95f92lrn3.cloudfront.net/media/thumb/9546_96square.jpeg;
Rätta;;https://d1pra95f92lrn3.cloudfront.net/media/thumb/22278_96square.jpeg;
Palats;;https://d1pra95f92lrn3.cloudfront.net/media/thumb/8098_96square.jpeg;
Vägbeskrivning;;https://d1pra95f92lrn3.cloudfront.net/media/thumb/9630_96square.jpeg;
Resebyrå;;https://d1pra95f92lrn3.cloudfront.net/media/thumb/17387_96square.jpeg;
Föreläsning;;https://d1pra95f92lrn3.cloudfront.net/media/thumb/8006_96square.jpeg;
Tuscpenna;;https://d1pra95f92lrn3.cloudfront.net/media/thumb/9747_96square.jpeg;
Skolbänk;;https://d1pra95f92lrn3.cloudfront.net/media/thumb/9400_96square.jpeg;
Anlända;;https://d1pra95f92lrn3.cloudfront.net/media/thumb/22282_96square.jpeg;
Svara;;https://d1pra95f92lrn3.cloudfront.net/media/thumb/9035_96square.jpeg;
Forma en mening;;https://d1pra95f92lrn3.cloudfront.net/media/thumb/17411_96square.jpeg;
Understrika;;https://d1pra95f92lrn3.cloudfront.net/media/thumb/8445_96square.jpeg;
Frånvarande;;https://d1pra95f92lrn3.cloudfront.net/media/thumb/21427_96square.jpeg;
Butiksbiträde;;https://d1pra95f92lrn3.cloudfront.net/media/thumb/22284_96square.jpeg;
Kontorsarbetare;;https://d1pra95f92lrn3.cloudfront.net/media/thumb/8271_96square.jpeg;
Hemmafru;;https://d1pra95f92lrn3.cloudfront.net/media/thumb/22288_96square.jpeg;
Brandman;;https://d1pra95f92lrn3.cloudfront.net/media/thumb/22287_96square.jpeg;
Fligvärdinna;;https://d1pra95f92lrn3.cloudfront.net/media/thumb/17373_96square.jpeg;
Sekreterare;;https://d1pra95f92lrn3.cloudfront.net/media/thumb/17424_96square.jpeg;
Affärsman;;https://d1pra95f92lrn3.cloudfront.net/media/thumb/22283_96square.jpeg;
Verkställande director;;https://d1pra95f92lrn3.cloudfront.net/media/thumb/8783_96square.jpeg;
Mechanic ;;https://d1pra95f92lrn3.cloudfront.net/media/thumb/22289_96square.jpeg;
Påsklov;;https://d1pra95f92lrn3.cloudfront.net/media/thumb/8661_96square.jpeg;
Avdelning;;;
Befordran;;https://d1pra95f92lrn3.cloudfront.net/media/thumb/8532_96square.jpeg;
Årsdag;;https://d1pra95f92lrn3.cloudfront.net/media/thumb/8625_96square.jpeg;
Staty;;https://d1pra95f92lrn3.cloudfront.net/media/thumb/21738_96square.jpeg;
Utbuildning;;https://d1pra95f92lrn3.cloudfront.net/media/thumb/8883_96square.jpeg;
Flygplan;;https://d1pra95f92lrn3.cloudfront.net/media/thumb/9152_96square.jpeg;
Säkerhetsbälte;;https://d1pra95f92lrn3.cloudfront.net/media/thumb/8517_96square.jpeg;
Flygplanssäte;;https://d1pra95f92lrn3.cloudfront.net/media/thumb/21928_96square.jpeg;
Kudde;;https://d1pra95f92lrn3.cloudfront.net/media/thumb/8692_96square.jpeg;
Flytväst;;https://d1pra95f92lrn3.cloudfront.net/media/thumb/9762_96square.jpeg;
Livväst;;https://d1pra95f92lrn3.cloudfront.net/media/thumb/9528_96square.jpeg;
Tidsskillnad;;https://d1pra95f92lrn3.cloudfront.net/media/thumb/9706_96square.jpeg;
Åksjuk;;https://d1pra95f92lrn3.cloudfront.net/media/thumb/8149_96square.jpeg;
Filt;;https://d1pra95f92lrn3.cloudfront.net/media/thumb/8498_96square.jpeg;
Hårlurar;;https://d1pra95f92lrn3.cloudfront.net/media/thumb/8309_96square.jpeg;
Förvarningslucka;;https://d1pra95f92lrn3.cloudfront.net/media/thumb/8095_96square.jpeg;
Gångsäte;;https://d1pra95f92lrn3.cloudfront.net/media/thumb/9714_96square.jpeg;
Gå ombord;;https://d1pra95f92lrn3.cloudfront.net/media/thumb/8318_96square.jpeg;
Bekräfta;Confirm;https://d1pra95f92lrn3.cloudfront.net/media/thumb/8133_96square.jpeg;
Försenat;Delayed;https://d1pra95f92lrn3.cloudfront.net/media/thumb/9415_96square.jpeg;
Biograf;;https://d1pra95f92lrn3.cloudfront.net/media/thumb/21263_96square.jpeg;
Rulltrappa;;https://d1pra95f92lrn3.cloudfront.net/media/thumb/17429_96square.jpeg;
Brevlåda;;https://d1pra95f92lrn3.cloudfront.net/media/thumb/9046_96square.jpeg;
Paket;;https://d1pra95f92lrn3.cloudfront.net/media/thumb/8163_96square.jpeg;
Brev;;https://d1pra95f92lrn3.cloudfront.net/media/thumb/8898_96square.jpeg;
Hörn;;https://d1pra95f92lrn3.cloudfront.net/media/thumb/22300_96square.jpeg;
Trottar;;https://d1pra95f92lrn3.cloudfront.net/media/thumb/18860_96square.jpeg;
Sväng runt hornet;;https://d1pra95f92lrn3.cloudfront.net/media/thumb/982_96square.jpeg;
Bro;;https://d1pra95f92lrn3.cloudfront.net/media/thumb/8942_96square.jpeg;
Rondell;;https://d1pra95f92lrn3.cloudfront.net/media/thumb/17433_96square.jpeg;
Hålla i sig;;https://d1pra95f92lrn3.cloudfront.net/media/thumb/8273_96square.jpeg;
Förare;;https://d1pra95f92lrn3.cloudfront.net/media/thumb/9112_96square.jpeg;
Förhandla;Negotiate;https://d1pra95f92lrn3.cloudfront.net/media/thumb/8715_96square.jpg;
Fabrik;Factory;https://d1pra95f92lrn3.cloudfront.net/media/thumb/19347_96square.jpg;
Jordbruk;Agriculture;https://d1pra95f92lrn3.cloudfront.net/media/thumb/22505_96square.jpg;
Del;Part;https://d1pra95f92lrn3.cloudfront.net/media/thumb/9902_96square.jpg;
Maskin;Machine;https://d1pra95f92lrn3.cloudfront.net/media/thumb/8343_96square.jpg;
Kol;Coal;https://d1pra95f92lrn3.cloudfront.net/media/thumb/23360_96square.jpg;
Gas;Gas;https://d1pra95f92lrn3.cloudfront.net/media/thumb/8400_96square.jpg;
Örhange;Earring;https://d1pra95f92lrn3.cloudfront.net/media/thumb/8959_96square.jpg;
Solglasögon;Sunglasses;https://d1pra95f92lrn3.cloudfront.net/media/thumb/9230_96square.jpg;
Halsband;Necklase;https://d1pra95f92lrn3.cloudfront.net/media/thumb/9030_96square.jpg;
Klocka;Watch;https://d1pra95f92lrn3.cloudfront.net/media/thumb/9047_96square.jpg;
Paraply;Umbrella;https://d1pra95f92lrn3.cloudfront.net/media/thumb/9485_96square.jpg;
istället för;In stead of;https://d1pra95f92lrn3.cloudfront.net/media/thumb/8077_96square.jpg;
Gå til fots;;;
vi har gått vilse;;;
Fråga efter vägen;;;
Go runt hörnet; ; ;
Go en bit rakt fram;;;
Åk genom tunnel;;;
Åk fram till trafikljuset;Go to the traffic light;;
Hur kommer jag till simhallen;How do I get to the Turistbyrån;;
